{
  "buku": [
    {
      "id": "1",
      "kode": "BK001",
      "judul": "Pemrograman Web Dasar",
      "pengarang": "John Doe",
      "penerbit": "Tech Publisher",
      "tahun": "15/01/2023",
      "stok": 8
    },
    {
      "id": "2",
      "kode": "BK002",
      "judul": "Algoritma dan Struktur Data",
      "pengarang": "Jane Smith",
      "penerbit": "Code Books",
      "tahun": "22/03/2022",
      "stok": 8
    },
    {
      "id": "3",
      "kode": "BK003",
      "judul": "Database Management System",
      "pengarang": "Robert Johnson",
      "penerbit": "Database Press",
      "tahun": "10/06/2023",
      "stok": 12
    },
    {
      "id": "4",
      "kode": "BK004",
      "judul": "Jaringan Komputer",
      "pengarang": "Michael Brown",
      "penerbit": "Network Publishers",
      "tahun": "05/09/2022",
      "stok": 7
    },
    {
      "id": "5",
      "kode": "BK005",
      "judul": "Keamanan Sistem Informasi",
      "pengarang": "Sarah Wilson",
      "penerbit": "Security Books",
      "tahun": "18/11/2023",
      "stok": 9
    },
    {
      "id": "ae4d",
      "kode": "pmo1",
      "judul": "algoritma",
      "pengarang": "ronaldo",
      "penerbit": "medan",
      "tahun": "17/01/2026",
      "stok": 19
    }
  ],
  "peminjaman": [
    {
      "id": "1",
      "id_peminjam": "PM001",
      "nama_peminjam": "Ahmad Fauzi",
      "judul_buku": "Pemrograman Web Dasar",
      "kode_buku": "BK001",
      "tanggal_pinjam": "2026-01-10",
      "tanggal_kembali": "2026-01-17",
      "lama_pinjam": 7,
      "status": "Dipinjam",
      "denda": 0
    },
    {
      "id": "2",
      "id_peminjam": "PM002",
      "nama_peminjam": "Siti Nurhaliza",
      "judul_buku": "Algoritma dan Struktur Data",
      "kode_buku": "BK002",
      "tanggal_pinjam": "2026-01-05",
      "tanggal_kembali": "2026-01-12",
      "lama_pinjam": 7,
      "status": "Dikembalikan",
      "denda": 4000,
      "tanggal_dikembalikan": "2026-01-16"
    },
    {
      "id": "3",
      "id_peminjam": "PM003",
      "nama_peminjam": "Budi Santoso",
      "judul_buku": "Database Management System",
      "kode_buku": "BK003",
      "tanggal_pinjam": "2026-01-12",
      "tanggal_kembali": "2026-01-19",
      "lama_pinjam": 7,
      "status": "Dipinjam",
      "denda": 0
    },
    {
      "id": "eb17",
      "id_peminjam": "bk91",
      "nama_peminjam": "wakni",
      "judul_buku": "Pemrograman Web Dasar",
      "kode_buku": "BK001",
      "tanggal_pinjam": "2026-01-16",
      "tanggal_kembali": "2026-01-17",
      "lama_pinjam": 1,
      "status": "Dipinjam",
      "denda": 0
    },
    {
      "id": "0a37",
      "id_peminjam": "BK6667",
      "nama_peminjam": "mika",
      "judul_buku": "Pemrograman Web Dasar",
      "kode_buku": "BK001",
      "tanggal_pinjam": "2026-01-16",
      "tanggal_kembali": "2026-01-17",
      "lama_pinjam": 1,
      "status": "Dipinjam",
      "denda": 0
    },
    {
      "id": "a174",
      "id_peminjam": "bk000",
      "nama_peminjam": "haikal",
      "judul_buku": "Pemrograman Web Dasar",
      "kode_buku": "BK001",
      "tanggal_pinjam": "2026-01-16",
      "tanggal_kembali": "2026-01-17",
      "lama_pinjam": 1,
      "status": "Dipinjam",
      "denda": 0
    },
    {
      "id": "2172",
      "id_peminjam": "o1",
      "nama_peminjam": "haikal0",
      "judul_buku": "algoritma",
      "kode_buku": "pmo1",
      "tanggal_pinjam": "2026-01-17",
      "tanggal_kembali": "2026-01-18",
      "lama_pinjam": 1,
      "status": "Dipinjam",
      "denda": 0
    }
  ]
}